,accuracy,Precision,Recall,F1,tn,fp,fn,tp
kmeans,0.5123103448275862,0.6766916882306103,0.5070057733744332,0.3536909578929122,1471.0,84587.0,271.0,87671.0
kmeans++,0.4876896551724138,0.3233083117693897,0.49299422662556686,0.3304772403044181,84587.0,1471.0,87671.0,271.0
fuzzy c-means,0.5123103448275862,0.6766916882306103,0.5070057733744332,0.3536909578929122,1471.0,84587.0,271.0,87671.0
our proposed,0.9817988505747126,0.9818060862613425,0.9818618763221061,0.9817984294009741,84998.0,1060.0,2107.0,85835.0
